{
  "in_sample": {
    "total_return_%": 6422.705991335226,
    "max_drawdown_%": 0.9764934218897393,
    "sharpe_ratio": 0.3186453427119075,
    "sortino_ratio": 59.49921070553984,
    "calmar_ratio": 338.65860041074393,
    "total_trades": 28,
    "win_rate_%": 78.57142857142857,
    "profit_factor": 180.27508830560916
  },
  "out_of_sample": {
    "total_return_%": 553.6298860030997,
    "max_drawdown_%": 1.8085444938433342,
    "sharpe_ratio": 0.7177595939746084,
    "sortino_ratio": 5.700004928127491,
    "calmar_ratio": 33.775540177040924,
    "total_trades": 13,
    "win_rate_%": 69.23076923076923,
    "profit_factor": 31.29530700254376
  }
}