{
  "in_sample": {
    "total_return_%": 6536.038765947718,
    "max_drawdown_%": 4.788898359669903,
    "sharpe_ratio": 0.32003467337054764,
    "sortino_ratio": 18.377473025262866,
    "calmar_ratio": 65.11175975756024,
    "total_trades": 31,
    "win_rate_%": 70.96774193548387,
    "profit_factor": 153.04085090619768
  },
  "out_of_sample": {
    "total_return_%": 557.5685958784985,
    "max_drawdown_%": 1.504011283589703,
    "sharpe_ratio": 0.7190361078856835,
    "sortino_ratio": 8.161528275688715,
    "calmar_ratio": 40.66706428287061,
    "total_trades": 13,
    "win_rate_%": 69.23076923076923,
    "profit_factor": 39.84245241814497
  }
}