{
  "in_sample": {
    "total_return_%": 7638.580665472912,
    "max_drawdown_%": 0.1211827960026247,
    "sharpe_ratio": 0.31650289168629303,
    "sortino_ratio": 981.8858179832206,
    "calmar_ratio": 4112.657939120814,
    "total_trades": 24,
    "win_rate_%": 79.16666666666666,
    "profit_factor": 328.7402148393635
  },
  "out_of_sample": {
    "total_return_%": 569.7812827758607,
    "max_drawdown_%": 2.7621218530443246,
    "sharpe_ratio": 0.7122609553899932,
    "sortino_ratio": 2.617323410817478,
    "calmar_ratio": 22.998713229280035,
    "total_trades": 13,
    "win_rate_%": 84.61538461538461,
    "profit_factor": 114.18795594909083
  }
}