{
  "in_sample": {
    "total_return_%": 7564.2653725760465,
    "max_drawdown_%": 1.483842550622478,
    "sharpe_ratio": 0.3205735909423108,
    "sortino_ratio": 38.06523671547333,
    "calmar_ratio": 209.92800013553918,
    "total_trades": 32,
    "win_rate_%": 78.125,
    "profit_factor": 203.65537134088524
  },
  "out_of_sample": {
    "total_return_%": 489.6439942739955,
    "max_drawdown_%": 4.66565112871295,
    "sharpe_ratio": 0.6387497958799659,
    "sortino_ratio": 2.0294970809953887,
    "calmar_ratio": 13.286157081625994,
    "total_trades": 13,
    "win_rate_%": 69.23076923076923,
    "profit_factor": 21.600765949363023
  }
}