{
  "in_sample": {
    "total_return_%": 7243.053991700201,
    "max_drawdown_%": 21.014477770874237,
    "sharpe_ratio": 0.3139901108084037,
    "sortino_ratio": 4.6239178285284375,
    "calmar_ratio": 27.60462805913934,
    "total_trades": 27,
    "win_rate_%": 74.07407407407408,
    "profit_factor": 119.3588999804193
  },
  "out_of_sample": {
    "total_return_%": 560.9103557228937,
    "max_drawdown_%": 2.497316606173157,
    "sharpe_ratio": 0.7174317599919853,
    "sortino_ratio": 4.5413961681051624,
    "calmar_ratio": 24.804454529828778,
    "total_trades": 13,
    "win_rate_%": 69.23076923076923,
    "profit_factor": 43.260726523332856
  }
}