{
  "in_sample": {
    "total_return_%": 7917.723755001581,
    "max_drawdown_%": 3.5219327655671324,
    "sharpe_ratio": 0.3171660507214342,
    "sortino_ratio": 26.961270140124224,
    "calmar_ratio": 107.47652829322872,
    "total_trades": 36,
    "win_rate_%": 72.22222222222221,
    "profit_factor": 183.32080709260669
  },
  "out_of_sample": {
    "total_return_%": 527.9746124210054,
    "max_drawdown_%": 3.863790018377166,
    "sharpe_ratio": 0.7191380456174322,
    "sortino_ratio": 2.3538448400528083,
    "calmar_ratio": 15.256711490447548,
    "total_trades": 14,
    "win_rate_%": 71.42857142857143,
    "profit_factor": 25.770304489111485
  }
}