{
  "in_sample": {
    "total_return_%": 7457.810885633264,
    "max_drawdown_%": 11.529692708066396,
    "sharpe_ratio": 0.31523728671215995,
    "sortino_ratio": 8.370038478244625,
    "calmar_ratio": 46.30725488933501,
    "total_trades": 31,
    "win_rate_%": 74.19354838709677,
    "profit_factor": 193.63616182863737
  },
  "out_of_sample": {
    "total_return_%": 566.6528148778727,
    "max_drawdown_%": 2.242935610403527,
    "sharpe_ratio": 0.7114606153634515,
    "sortino_ratio": 3.879380528981636,
    "calmar_ratio": 28.073565476223752,
    "total_trades": 13,
    "win_rate_%": 76.92307692307693,
    "profit_factor": 120.6556366161845
  }
}