{
  "in_sample": {
    "total_return_%": 7847.773440319876,
    "max_drawdown_%": 0.256695422245384,
    "sharpe_ratio": 0.3177190306406214,
    "sortino_ratio": 688.2438576416607,
    "calmar_ratio": 1477.4185823061814,
    "total_trades": 26,
    "win_rate_%": 80.76923076923077,
    "profit_factor": 225.80921941976194
  },
  "out_of_sample": {
    "total_return_%": 518.5421669752975,
    "max_drawdown_%": 4.434128720355177,
    "sharpe_ratio": 0.7078344198248407,
    "sortino_ratio": 2.6812526254697855,
    "calmar_ratio": 13.35456545324013,
    "total_trades": 15,
    "win_rate_%": 66.66666666666666,
    "profit_factor": 20.44898677255216
  }
}