{
  "in_sample": {
    "total_return_%": 7285.010906450392,
    "max_drawdown_%": 21.014477770874237,
    "sharpe_ratio": 0.3140192180547859,
    "sortino_ratio": 4.665018368558377,
    "calmar_ratio": 27.85422684946471,
    "total_trades": 27,
    "win_rate_%": 74.07407407407408,
    "profit_factor": 122.19304668039395
  },
  "out_of_sample": {
    "total_return_%": 560.9103557228937,
    "max_drawdown_%": 2.497316606173157,
    "sharpe_ratio": 0.7174317599919853,
    "sortino_ratio": 4.5413961681051624,
    "calmar_ratio": 24.804454529828778,
    "total_trades": 13,
    "win_rate_%": 69.23076923076923,
    "profit_factor": 43.260726523332856
  }
}