{
  "in_sample": {
    "total_return_%": 6559.982184561686,
    "max_drawdown_%": 2.9479186653513225,
    "sharpe_ratio": 0.3203195615912337,
    "sortino_ratio": 39.01092944798899,
    "calmar_ratio": 102.32634313074429,
    "total_trades": 31,
    "win_rate_%": 74.19354838709677,
    "profit_factor": 176.2934858788972
  },
  "out_of_sample": {
    "total_return_%": 544.7594570626899,
    "max_drawdown_%": 2.903906484465072,
    "sharpe_ratio": 0.7106363254815876,
    "sortino_ratio": 5.841750938575156,
    "calmar_ratio": 20.957883934832147,
    "total_trades": 14,
    "win_rate_%": 64.28571428571429,
    "profit_factor": 21.256951009388448
  }
}