{
  "in_sample": {
    "total_return_%": 8086.52658038087,
    "max_drawdown_%": 0.24809085010285828,
    "sharpe_ratio": 0.31235566361161154,
    "sortino_ratio": 985.3437158984729,
    "calmar_ratio": 2110.6500197087034,
    "total_trades": 25,
    "win_rate_%": 80.0,
    "profit_factor": 232.63834543359715
  },
  "out_of_sample": {
    "total_return_%": 494.96892145196796,
    "max_drawdown_%": 4.8003218748351815,
    "sharpe_ratio": 0.7279668458239036,
    "sortino_ratio": 2.4928256693487647,
    "calmar_ratio": 11.650776730228754,
    "total_trades": 14,
    "win_rate_%": 64.28571428571429,
    "profit_factor": 25.53947984254408
  }
}