{
  "in_sample": {
    "total_return_%": 7597.13004518112,
    "max_drawdown_%": 0.12189998716394858,
    "sharpe_ratio": 0.31673408695548616,
    "sortino_ratio": 969.2789944665441,
    "calmar_ratio": 4060.0499718673327,
    "total_trades": 24,
    "win_rate_%": 79.16666666666666,
    "profit_factor": 326.96285534436623
  },
  "out_of_sample": {
    "total_return_%": 569.7812827758607,
    "max_drawdown_%": 2.7621218530443246,
    "sharpe_ratio": 0.7122609553899932,
    "sortino_ratio": 2.617323410817478,
    "calmar_ratio": 22.998713229280035,
    "total_trades": 13,
    "win_rate_%": 84.61538461538461,
    "profit_factor": 114.18795594909083
  }
}