{
  "in_sample": {
    "total_return_%": 7730.8014878755885,
    "max_drawdown_%": 11.911280840515284,
    "sharpe_ratio": 0.31500641701257504,
    "sortino_ratio": 8.716929582290645,
    "calmar_ratio": 48.10660176037518,
    "total_trades": 29,
    "win_rate_%": 72.41379310344827,
    "profit_factor": 193.33335976380266
  },
  "out_of_sample": {
    "total_return_%": 571.0589415841569,
    "max_drawdown_%": 2.2179035981911452,
    "sharpe_ratio": 0.7174436398061083,
    "sortino_ratio": 3.338398171769091,
    "calmar_ratio": 28.393960972539666,
    "total_trades": 13,
    "win_rate_%": 84.61538461538461,
    "profit_factor": 143.39777755334052
  }
}