{
  "in_sample": {
    "total_return_%": 7649.053069252947,
    "max_drawdown_%": 0.2640875426953065,
    "sharpe_ratio": 0.31938584297165534,
    "sortino_ratio": 598.3438776943868,
    "calmar_ratio": 1286.047468664189,
    "total_trades": 26,
    "win_rate_%": 80.76923076923077,
    "profit_factor": 220.12039698302874
  },
  "out_of_sample": {
    "total_return_%": 510.0538583343277,
    "max_drawdown_%": 4.443983951835864,
    "sharpe_ratio": 0.7029905901636437,
    "sortino_ratio": 2.6310799168487216,
    "calmar_ratio": 13.252601172552264,
    "total_trades": 15,
    "win_rate_%": 66.66666666666666,
    "profit_factor": 15.722026880664659
  }
}