{
  "in_sample": {
    "total_return_%": 7026.245541582309,
    "max_drawdown_%": 30.0962627793669,
    "sharpe_ratio": 0.31323309776034924,
    "sortino_ratio": 4.272879556178906,
    "calmar_ratio": 20.82705315480096,
    "total_trades": 29,
    "win_rate_%": 68.96551724137932,
    "profit_factor": 102.75801257606047
  },
  "out_of_sample": {
    "total_return_%": 566.3943763258721,
    "max_drawdown_%": 2.4976939803714377,
    "sharpe_ratio": 0.7189118505987764,
    "sortino_ratio": 3.7529585567844794,
    "calmar_ratio": 24.832007781041554,
    "total_trades": 12,
    "win_rate_%": 75.0,
    "profit_factor": 67.60277574978988
  }
}