{
  "in_sample": {
    "total_return_%": 8280.9186858684,
    "max_drawdown_%": 11.351711397701996,
    "sharpe_ratio": 0.3145147698635617,
    "sortino_ratio": 19.17683712353345,
    "calmar_ratio": 41.57113705368084,
    "total_trades": 34,
    "win_rate_%": 67.64705882352942,
    "profit_factor": 163.13703017960188
  },
  "out_of_sample": {
    "total_return_%": 527.9746124210054,
    "max_drawdown_%": 3.863790018377166,
    "sharpe_ratio": 0.7188165580374574,
    "sortino_ratio": 2.3517431928741903,
    "calmar_ratio": 15.243089426616795,
    "total_trades": 14,
    "win_rate_%": 71.42857142857143,
    "profit_factor": 25.770304489111485
  }
}