{
  "in_sample": {
    "total_return_%": 7568.492720227571,
    "max_drawdown_%": 20.62469158185885,
    "sharpe_ratio": 0.31413026758381907,
    "sortino_ratio": 7.577617524981654,
    "calmar_ratio": 29.570496931870895,
    "total_trades": 28,
    "win_rate_%": 71.42857142857143,
    "profit_factor": 158.74751180280302
  },
  "out_of_sample": {
    "total_return_%": 554.3665849540782,
    "max_drawdown_%": 2.517295204800032,
    "sharpe_ratio": 0.7125811711579505,
    "sortino_ratio": 3.7169469893162064,
    "calmar_ratio": 24.60851908196209,
    "total_trades": 12,
    "win_rate_%": 75.0,
    "profit_factor": 66.1943857852557
  }
}