{
  "in_sample": {
    "total_return_%": 7711.547819595699,
    "max_drawdown_%": 0.3546460861229443,
    "sharpe_ratio": 0.3166833563876174,
    "sortino_ratio": 236.7308265152871,
    "calmar_ratio": 1425.9748236201788,
    "total_trades": 25,
    "win_rate_%": 80.0,
    "profit_factor": 193.87863990682655
  },
  "out_of_sample": {
    "total_return_%": 569.7812827758607,
    "max_drawdown_%": 2.7621218530443246,
    "sharpe_ratio": 0.71258588017957,
    "sortino_ratio": 2.6197093027143032,
    "calmar_ratio": 23.01967832793936,
    "total_trades": 13,
    "win_rate_%": 84.61538461538461,
    "profit_factor": 114.18795594909083
  }
}