{
  "in_sample": {
    "total_return_%": 7566.859026529091,
    "max_drawdown_%": 0.36201063148004087,
    "sharpe_ratio": 0.3171506538699487,
    "sortino_ratio": 225.89759319721708,
    "calmar_ratio": 1360.7614182438053,
    "total_trades": 25,
    "win_rate_%": 80.0,
    "profit_factor": 190.2620773883415
  },
  "out_of_sample": {
    "total_return_%": 566.9501213353323,
    "max_drawdown_%": 2.7621218530443246,
    "sharpe_ratio": 0.7121428197387608,
    "sortino_ratio": 2.6204682871869354,
    "calmar_ratio": 23.026347609297325,
    "total_trades": 13,
    "win_rate_%": 84.61538461538461,
    "profit_factor": 113.62809596404519
  }
}