{
  "in_sample": {
    "total_return_%": 6723.689302647841,
    "max_drawdown_%": 29.50336915164623,
    "sharpe_ratio": 0.3134619050964884,
    "sortino_ratio": 3.7884391626919136,
    "calmar_ratio": 19.63987980575981,
    "total_trades": 29,
    "win_rate_%": 72.41379310344827,
    "profit_factor": 102.4826578118042
  },
  "out_of_sample": {
    "total_return_%": 566.3943763258721,
    "max_drawdown_%": 2.4976939803714377,
    "sharpe_ratio": 0.7189118505987764,
    "sortino_ratio": 3.7529585567844794,
    "calmar_ratio": 24.832007781041554,
    "total_trades": 12,
    "win_rate_%": 75.0,
    "profit_factor": 67.60277574978988
  }
}