{
  "in_sample": {
    "total_return_%": 7378.4119004786835,
    "max_drawdown_%": 6.1882087034786855,
    "sharpe_ratio": 0.3179196934462342,
    "sortino_ratio": 12.654204192319204,
    "calmar_ratio": 80.31265565574121,
    "total_trades": 26,
    "win_rate_%": 76.92307692307693,
    "profit_factor": 146.0085471124083
  },
  "out_of_sample": {
    "total_return_%": 566.8098949992593,
    "max_drawdown_%": 2.7621218530443246,
    "sharpe_ratio": 0.7140496713460808,
    "sortino_ratio": 2.634705630442622,
    "calmar_ratio": 23.151452735141174,
    "total_trades": 12,
    "win_rate_%": 83.33333333333334,
    "profit_factor": 113.56081646924169
  }
}