{
  "in_sample": {
    "total_return_%": 7635.538148073665,
    "max_drawdown_%": 0.3584771559110969,
    "sharpe_ratio": 0.3187419908114542,
    "sortino_ratio": 235.8718878959831,
    "calmar_ratio": 1370.0310851162783,
    "total_trades": 25,
    "win_rate_%": 80.0,
    "profit_factor": 171.05331450053785
  },
  "out_of_sample": {
    "total_return_%": 565.3886100671025,
    "max_drawdown_%": 2.4659247902498564,
    "sharpe_ratio": 0.7188933945520847,
    "sortino_ratio": Infinity,
    "calmar_ratio": 25.856329240661868,
    "total_trades": 12,
    "win_rate_%": 91.66666666666666,
    "profit_factor": 122.53695772722955
  }
}