{
  "in_sample": {
    "total_return_%": 7135.600193935531,
    "max_drawdown_%": 26.370128358246376,
    "sharpe_ratio": 0.31344246558660294,
    "sortino_ratio": 4.53779113228932,
    "calmar_ratio": 23.11905305295581,
    "total_trades": 27,
    "win_rate_%": 74.07407407407408,
    "profit_factor": 110.04536454010776
  },
  "out_of_sample": {
    "total_return_%": 560.9103557228937,
    "max_drawdown_%": 2.497316606173157,
    "sharpe_ratio": 0.7171072744904189,
    "sortino_ratio": 4.537293732542285,
    "calmar_ratio": 24.78204761516768,
    "total_trades": 13,
    "win_rate_%": 69.23076923076923,
    "profit_factor": 43.260726523332856
  }
}