{
  "in_sample": {
    "total_return_%": 7358.533019173234,
    "max_drawdown_%": 21.591935944129183,
    "sharpe_ratio": 0.3144507209236819,
    "sortino_ratio": 5.662333471133675,
    "calmar_ratio": 27.643157969894567,
    "total_trades": 29,
    "win_rate_%": 68.96551724137932,
    "profit_factor": 151.96641312619428
  },
  "out_of_sample": {
    "total_return_%": 566.6528148778727,
    "max_drawdown_%": 2.242935610403527,
    "sharpe_ratio": 0.711137675310963,
    "sortino_ratio": 3.875863411548289,
    "calmar_ratio": 28.048113467632437,
    "total_trades": 13,
    "win_rate_%": 76.92307692307693,
    "profit_factor": 120.6556366161845
  }
}