{
  "in_sample": {
    "total_return_%": 6479.143548383429,
    "max_drawdown_%": 9.133826756215894,
    "sharpe_ratio": 0.31819903102622493,
    "sortino_ratio": 6.482372730433857,
    "calmar_ratio": 37.92884106623087,
    "total_trades": 28,
    "win_rate_%": 75.0,
    "profit_factor": 145.77767885901392
  },
  "out_of_sample": {
    "total_return_%": 553.6298860030997,
    "max_drawdown_%": 1.8085444938433342,
    "sharpe_ratio": 0.7177595939746084,
    "sortino_ratio": 5.700004928127491,
    "calmar_ratio": 33.775540177040924,
    "total_trades": 13,
    "win_rate_%": 69.23076923076923,
    "profit_factor": 31.29530700254376
  }
}