{
  "in_sample": {
    "total_return_%": 7767.553503464815,
    "max_drawdown_%": 0.35187525185565616,
    "sharpe_ratio": 0.3167492516417035,
    "sortino_ratio": 241.36818816781476,
    "calmar_ratio": 1453.8939251712757,
    "total_trades": 25,
    "win_rate_%": 80.0,
    "profit_factor": 195.27852757476728
  },
  "out_of_sample": {
    "total_return_%": 566.9501213353323,
    "max_drawdown_%": 2.7621218530443246,
    "sharpe_ratio": 0.7118175056359639,
    "sortino_ratio": 2.6180773489686993,
    "calmar_ratio": 23.005338168047974,
    "total_trades": 13,
    "win_rate_%": 84.61538461538461,
    "profit_factor": 113.62809596404519
  }
}