{
  "in_sample": {
    "total_return_%": 7501.279038498532,
    "max_drawdown_%": 15.88924583408887,
    "sharpe_ratio": 0.3145185368033174,
    "sortino_ratio": 5.981560271730583,
    "calmar_ratio": 35.73104129780793,
    "total_trades": 27,
    "win_rate_%": 74.07407407407408,
    "profit_factor": 173.41055983109587
  },
  "out_of_sample": {
    "total_return_%": 554.3665849540782,
    "max_drawdown_%": 2.517295204800032,
    "sharpe_ratio": 0.7125811711579505,
    "sortino_ratio": 3.7169469893162064,
    "calmar_ratio": 24.60851908196209,
    "total_trades": 12,
    "win_rate_%": 75.0,
    "profit_factor": 66.1943857852557
  }
}