{
  "in_sample": {
    "total_return_%": 6452.908787545456,
    "max_drawdown_%": 0.3196097814659879,
    "sharpe_ratio": 0.323834454745709,
    "sortino_ratio": 383.8097302978614,
    "calmar_ratio": 832.8971580760661,
    "total_trades": 26,
    "win_rate_%": 80.76923076923077,
    "profit_factor": 185.8780473395898
  },
  "out_of_sample": {
    "total_return_%": 557.5685958784985,
    "max_drawdown_%": 1.504011283589703,
    "sharpe_ratio": 0.7193600071155004,
    "sortino_ratio": 8.168874385747841,
    "calmar_ratio": 40.70366830112703,
    "total_trades": 13,
    "win_rate_%": 69.23076923076923,
    "profit_factor": 39.84245241814497
  }
}