{
  "in_sample": {
    "total_return_%": 7863.599675853511,
    "max_drawdown_%": 0.2561244599753993,
    "sharpe_ratio": 0.3183400883694815,
    "sortino_ratio": 662.7693293525199,
    "calmar_ratio": 1422.5955823756715,
    "total_trades": 27,
    "win_rate_%": 81.48148148148148,
    "profit_factor": 226.2680068495087
  },
  "out_of_sample": {
    "total_return_%": 512.6612090204144,
    "max_drawdown_%": 4.434128720355177,
    "sharpe_ratio": 0.7049387755997012,
    "sortino_ratio": 2.69198062634923,
    "calmar_ratio": 13.294691036628826,
    "total_trades": 15,
    "win_rate_%": 66.66666666666666,
    "profit_factor": 16.770969270740064
  }
}