{
  "in_sample": {
    "total_return_%": 7070.789667672264,
    "max_drawdown_%": 24.382632744642024,
    "sharpe_ratio": 0.31441456374055377,
    "sortino_ratio": 4.897294512366516,
    "calmar_ratio": 23.654130111204715,
    "total_trades": 29,
    "win_rate_%": 68.96551724137932,
    "profit_factor": 138.21776414899944
  },
  "out_of_sample": {
    "total_return_%": 556.212564033717,
    "max_drawdown_%": 2.5846471190421405,
    "sharpe_ratio": 0.7041589506901517,
    "sortino_ratio": 3.5838336935964787,
    "calmar_ratio": 24.276550696231773,
    "total_trades": 13,
    "win_rate_%": 76.92307692307693,
    "profit_factor": 68.6523377599431
  }
}