{
  "in_sample": {
    "total_return_%": 8091.779474883318,
    "max_drawdown_%": 0.24809085010285828,
    "sharpe_ratio": 0.3126572496322738,
    "sortino_ratio": 986.7624927902724,
    "calmar_ratio": 2114.7028374037322,
    "total_trades": 25,
    "win_rate_%": 80.0,
    "profit_factor": 232.78872148182447
  },
  "out_of_sample": {
    "total_return_%": 498.5501498826396,
    "max_drawdown_%": 3.863790018377166,
    "sharpe_ratio": 0.7368314251008304,
    "sortino_ratio": 2.174809407333032,
    "calmar_ratio": 14.429029151622883,
    "total_trades": 14,
    "win_rate_%": 71.42857142857143,
    "profit_factor": 28.055992530694656
  }
}