{
  "in_sample": {
    "total_return_%": 7638.580665472912,
    "max_drawdown_%": 0.1211827960026247,
    "sharpe_ratio": 0.3164411406039565,
    "sortino_ratio": 981.5027177811202,
    "calmar_ratio": 4111.053312535126,
    "total_trades": 24,
    "win_rate_%": 79.16666666666666,
    "profit_factor": 328.7402148393635
  },
  "out_of_sample": {
    "total_return_%": 569.7812827758607,
    "max_drawdown_%": 2.7621218530443246,
    "sharpe_ratio": 0.7119364746735015,
    "sortino_ratio": 2.614941860853131,
    "calmar_ratio": 22.977786283666493,
    "total_trades": 13,
    "win_rate_%": 84.61538461538461,
    "profit_factor": 114.18795594909083
  }
}