{
  "in_sample": {
    "total_return_%": 7979.947166713582,
    "max_drawdown_%": 2.0213974037813687,
    "sharpe_ratio": 0.3151933297601744,
    "sortino_ratio": 49.45289649115696,
    "calmar_ratio": 228.95125530616934,
    "total_trades": 32,
    "win_rate_%": 78.125,
    "profit_factor": 217.77561044013925
  },
  "out_of_sample": {
    "total_return_%": 527.6928829987723,
    "max_drawdown_%": 2.3745820898017587,
    "sharpe_ratio": 0.7288581728013561,
    "sortino_ratio": 6.940228187143686,
    "calmar_ratio": 24.67105621999284,
    "total_trades": 15,
    "win_rate_%": 66.66666666666666,
    "profit_factor": 24.49022454705393
  }
}