{
  "in_sample": {
    "total_return_%": 7662.513184189615,
    "max_drawdown_%": 9.129828217846152,
    "sharpe_ratio": 0.31527404086987865,
    "sortino_ratio": 11.556188007628467,
    "calmar_ratio": 60.03624949252342,
    "total_trades": 28,
    "win_rate_%": 71.42857142857143,
    "profit_factor": 217.41664884976225
  },
  "out_of_sample": {
    "total_return_%": 571.0589415841569,
    "max_drawdown_%": 2.2179035981911452,
    "sharpe_ratio": 0.7171176776303785,
    "sortino_ratio": 3.3353687723391743,
    "calmar_ratio": 28.368195127737003,
    "total_trades": 13,
    "win_rate_%": 84.61538461538461,
    "profit_factor": 143.39777755334052
  }
}