{
  "in_sample": {
    "total_return_%": 8086.52658038087,
    "max_drawdown_%": 0.24809085010285828,
    "sharpe_ratio": 0.31259392269104297,
    "sortino_ratio": 986.847483492366,
    "calmar_ratio": 2113.8711567094033,
    "total_trades": 25,
    "win_rate_%": 80.0,
    "profit_factor": 232.63834543359715
  },
  "out_of_sample": {
    "total_return_%": 500.44023050583934,
    "max_drawdown_%": 3.863790018377166,
    "sharpe_ratio": 0.7413545816995648,
    "sortino_ratio": 2.169110721592061,
    "calmar_ratio": 14.400113315772886,
    "total_trades": 14,
    "win_rate_%": 71.42857142857143,
    "profit_factor": 28.157993112993626
  }
}