{
  "in_sample": {
    "total_return_%": 7514.362794154961,
    "max_drawdown_%": 0.36475884099246103,
    "sharpe_ratio": 0.31902439252126313,
    "sortino_ratio": 226.3390716487324,
    "calmar_ratio": 1314.7109748304563,
    "total_trades": 25,
    "win_rate_%": 80.0,
    "profit_factor": 168.35634863631444
  },
  "out_of_sample": {
    "total_return_%": 565.3886100671025,
    "max_drawdown_%": 2.4659247902498564,
    "sharpe_ratio": 0.719557025518776,
    "sortino_ratio": Infinity,
    "calmar_ratio": 25.90403464516493,
    "total_trades": 12,
    "win_rate_%": 91.66666666666666,
    "profit_factor": 122.53695772722955
  }
}