{
  "in_sample": {
    "total_return_%": 8032.0467943977765,
    "max_drawdown_%": 9.736750280975304,
    "sharpe_ratio": 0.3170238593875029,
    "sortino_ratio": 16.261987846902173,
    "calmar_ratio": 41.37713016271936,
    "total_trades": 42,
    "win_rate_%": 66.66666666666666,
    "profit_factor": 159.57841147281889
  },
  "out_of_sample": {
    "total_return_%": 527.6928829987723,
    "max_drawdown_%": 2.3745820898017587,
    "sharpe_ratio": 0.7288581728013561,
    "sortino_ratio": 6.940228187143686,
    "calmar_ratio": 24.67105621999284,
    "total_trades": 15,
    "win_rate_%": 66.66666666666666,
    "profit_factor": 24.49022454705393
  }
}