{
  "in_sample": {
    "total_return_%": 8091.779474883318,
    "max_drawdown_%": 0.24809085010285828,
    "sharpe_ratio": 0.3127169345045391,
    "sortino_ratio": 987.1392635015324,
    "calmar_ratio": 2115.5102840770446,
    "total_trades": 25,
    "win_rate_%": 80.0,
    "profit_factor": 232.78872148182447
  },
  "out_of_sample": {
    "total_return_%": 498.17541986361357,
    "max_drawdown_%": 3.863790018377166,
    "sharpe_ratio": 0.736973822799188,
    "sortino_ratio": 2.1897340774432665,
    "calmar_ratio": 14.438265557140065,
    "total_trades": 14,
    "win_rate_%": 71.42857142857143,
    "profit_factor": 27.499868799118747
  }
}