{
  "in_sample": {
    "total_return_%": 7298.608992211217,
    "max_drawdown_%": 21.014477770874237,
    "sharpe_ratio": 0.3140678688410954,
    "sortino_ratio": 4.6817078985553,
    "calmar_ratio": 27.950808519968433,
    "total_trades": 27,
    "win_rate_%": 74.07407407407408,
    "profit_factor": 120.26604911269284
  },
  "out_of_sample": {
    "total_return_%": 555.9884133778214,
    "max_drawdown_%": 2.497316606173157,
    "sharpe_ratio": 0.7154215950082017,
    "sortino_ratio": 3.7370548140069153,
    "calmar_ratio": 24.726491341384765,
    "total_trades": 12,
    "win_rate_%": 75.0,
    "profit_factor": 66.38429320928641
  }
}