{
  "in_sample": {
    "total_return_%": 7762.1574440924815,
    "max_drawdown_%": 4.341243626921731,
    "sharpe_ratio": 0.3185926006541547,
    "sortino_ratio": 20.624235069375004,
    "calmar_ratio": 80.77261209985247,
    "total_trades": 33,
    "win_rate_%": 72.72727272727273,
    "profit_factor": 189.1336644942561
  },
  "out_of_sample": {
    "total_return_%": 489.6439942739955,
    "max_drawdown_%": 4.66565112871295,
    "sharpe_ratio": 0.6390356058069075,
    "sortino_ratio": 2.0313123735544187,
    "calmar_ratio": 13.298040943058577,
    "total_trades": 13,
    "win_rate_%": 69.23076923076923,
    "profit_factor": 21.600765949363023
  }
}