{
  "in_sample": {
    "total_return_%": 8098.373283477273,
    "max_drawdown_%": 0.247943328676572,
    "sharpe_ratio": 0.3130800345699314,
    "sortino_ratio": 989.8322310962902,
    "calmar_ratio": 2121.6583963444646,
    "total_trades": 25,
    "win_rate_%": 80.0,
    "profit_factor": 232.97748424465263
  },
  "out_of_sample": {
    "total_return_%": 527.9746124210054,
    "max_drawdown_%": 3.863790018377166,
    "sharpe_ratio": 0.7188165580374574,
    "sortino_ratio": 2.3517431928741903,
    "calmar_ratio": 15.243089426616795,
    "total_trades": 14,
    "win_rate_%": 71.42857142857143,
    "profit_factor": 25.770304489111485
  }
}