{
  "in_sample": {
    "total_return_%": 6595.5314991908,
    "max_drawdown_%": 28.761965611453245,
    "sharpe_ratio": 0.3136928996230111,
    "sortino_ratio": 3.3958200873616797,
    "calmar_ratio": 19.21626283313505,
    "total_trades": 28,
    "win_rate_%": 75.0,
    "profit_factor": 102.02547770178442
  },
  "out_of_sample": {
    "total_return_%": 562.8834345462805,
    "max_drawdown_%": 2.4976939803714377,
    "sharpe_ratio": 0.7171856932124069,
    "sortino_ratio": 3.7420665896932843,
    "calmar_ratio": 24.759939462815527,
    "total_trades": 12,
    "win_rate_%": 75.0,
    "profit_factor": 67.1916632674071
  }
}