{
  "in_sample": {
    "total_return_%": 7476.797234582151,
    "max_drawdown_%": 0.36675117318405753,
    "sharpe_ratio": 0.3187405350343208,
    "sortino_ratio": 223.35524204274776,
    "calmar_ratio": 1297.394745337885,
    "total_trades": 25,
    "win_rate_%": 80.0,
    "profit_factor": 167.52026251350193
  },
  "out_of_sample": {
    "total_return_%": 562.1064170727194,
    "max_drawdown_%": 2.4659247902498564,
    "sharpe_ratio": 0.7175859855362363,
    "sortino_ratio": Infinity,
    "calmar_ratio": 25.807055540105214,
    "total_trades": 12,
    "win_rate_%": 91.66666666666666,
    "profit_factor": 121.83439387839891
  }
}