{
  "in_sample": {
    "total_return_%": 7557.529720240119,
    "max_drawdown_%": 0.36249599646452624,
    "sharpe_ratio": 0.31728564421009325,
    "sortino_ratio": 225.3531771579534,
    "calmar_ratio": 1357.4843415508287,
    "total_trades": 25,
    "win_rate_%": 80.0,
    "profit_factor": 190.028887113317
  },
  "out_of_sample": {
    "total_return_%": 566.9501213353323,
    "max_drawdown_%": 2.7621218530443246,
    "sharpe_ratio": 0.7124685802743754,
    "sortino_ratio": 2.6228635964073987,
    "calmar_ratio": 23.047395459031605,
    "total_trades": 13,
    "win_rate_%": 84.61538461538461,
    "profit_factor": 113.62809596404519
  }
}