{
  "in_sample": {
    "total_return_%": 7687.918696230517,
    "max_drawdown_%": 3.027516098882227,
    "sharpe_ratio": 0.3186344067973267,
    "sortino_ratio": 41.01392031170631,
    "calmar_ratio": 114.57441272417853,
    "total_trades": 36,
    "win_rate_%": 66.66666666666666,
    "profit_factor": 184.8419838761959
  },
  "out_of_sample": {
    "total_return_%": 489.6439942739955,
    "max_drawdown_%": 4.66565112871295,
    "sharpe_ratio": 0.6390356058069075,
    "sortino_ratio": 2.0313123735544187,
    "calmar_ratio": 13.298040943058577,
    "total_trades": 13,
    "win_rate_%": 69.23076923076923,
    "profit_factor": 21.600765949363023
  }
}