{
  "in_sample": {
    "total_return_%": 7453.122304843737,
    "max_drawdown_%": 6.1882087034786855,
    "sharpe_ratio": 0.31804230639813497,
    "sortino_ratio": 12.832589075594898,
    "calmar_ratio": 81.461172884545,
    "total_trades": 26,
    "win_rate_%": 76.92307692307693,
    "profit_factor": 147.47580288602973
  },
  "out_of_sample": {
    "total_return_%": 566.8098949992593,
    "max_drawdown_%": 2.7621218530443246,
    "sharpe_ratio": 0.7143781069125376,
    "sortino_ratio": 2.637127234882367,
    "calmar_ratio": 23.172731643905088,
    "total_trades": 12,
    "win_rate_%": 83.33333333333334,
    "profit_factor": 113.56081646924169
  }
}