{
  "in_sample": {
    "total_return_%": 7990.807626050871,
    "max_drawdown_%": 4.225913534928622,
    "sharpe_ratio": 0.3171273211321034,
    "sortino_ratio": 23.170522412162818,
    "calmar_ratio": 95.4213399044718,
    "total_trades": 30,
    "win_rate_%": 73.33333333333333,
    "profit_factor": 200.7318217325171
  },
  "out_of_sample": {
    "total_return_%": 523.469052401738,
    "max_drawdown_%": 4.434128720355177,
    "sharpe_ratio": 0.7189713202468817,
    "sortino_ratio": 2.6612638015372356,
    "calmar_ratio": 13.27327393013033,
    "total_trades": 15,
    "win_rate_%": 66.66666666666666,
    "profit_factor": 20.632716747914362
  }
}