{
  "in_sample": {
    "total_return_%": 7619.590415006135,
    "max_drawdown_%": 9.757656888977525,
    "sharpe_ratio": 0.31550013781318975,
    "sortino_ratio": 12.040462324859698,
    "calmar_ratio": 54.87044787784501,
    "total_trades": 30,
    "win_rate_%": 70.0,
    "profit_factor": 210.00488467551506
  },
  "out_of_sample": {
    "total_return_%": 570.7721033927664,
    "max_drawdown_%": 2.2179035981911452,
    "sharpe_ratio": 0.7173318971605609,
    "sortino_ratio": 3.337878573149704,
    "calmar_ratio": 28.3895416486121,
    "total_trades": 13,
    "win_rate_%": 84.61538461538461,
    "profit_factor": 143.32657649987374
  }
}