{
  "in_sample": {
    "total_return_%": 7580.567846989837,
    "max_drawdown_%": 6.1882087034786855,
    "sharpe_ratio": 0.3178944381681858,
    "sortino_ratio": 13.16841069368215,
    "calmar_ratio": 83.62306008865879,
    "total_trades": 26,
    "win_rate_%": 76.92307692307693,
    "profit_factor": 149.9787368364668
  },
  "out_of_sample": {
    "total_return_%": 564.7909946188901,
    "max_drawdown_%": 2.4659247902498564,
    "sharpe_ratio": 0.7183220232769235,
    "sortino_ratio": Infinity,
    "calmar_ratio": 25.822710407349472,
    "total_trades": 12,
    "win_rate_%": 91.66666666666666,
    "profit_factor": 122.40903623993881
  }
}