{
  "in_sample": {
    "total_return_%": 7531.649624759921,
    "max_drawdown_%": 12.87878035122365,
    "sharpe_ratio": 0.31500906767242565,
    "sortino_ratio": 12.371734488567462,
    "calmar_ratio": 43.227956359907424,
    "total_trades": 29,
    "win_rate_%": 68.96551724137932,
    "profit_factor": 194.36149656834635
  },
  "out_of_sample": {
    "total_return_%": 566.6528148778727,
    "max_drawdown_%": 2.242935610403527,
    "sharpe_ratio": 0.7114606153634515,
    "sortino_ratio": 3.879380528981636,
    "calmar_ratio": 28.073565476223752,
    "total_trades": 13,
    "win_rate_%": 76.92307692307693,
    "profit_factor": 120.6556366161845
  }
}