{
  "in_sample": {
    "total_return_%": 7297.040736192599,
    "max_drawdown_%": 23.66868668250255,
    "sharpe_ratio": 0.31387027054866956,
    "sortino_ratio": 4.877431121067993,
    "calmar_ratio": 25.663155649649088,
    "total_trades": 28,
    "win_rate_%": 71.42857142857143,
    "profit_factor": 117.6377806535912
  },
  "out_of_sample": {
    "total_return_%": 555.9884133778214,
    "max_drawdown_%": 2.497316606173157,
    "sharpe_ratio": 0.7157456072778537,
    "sortino_ratio": 3.74043676406484,
    "calmar_ratio": 24.748868256625837,
    "total_trades": 12,
    "win_rate_%": 75.0,
    "profit_factor": 66.38429320928641
  }
}