{
  "in_sample": {
    "total_return_%": 7135.214107035315,
    "max_drawdown_%": 26.756215258463506,
    "sharpe_ratio": 0.31346629610753307,
    "sortino_ratio": 3.9217736337109,
    "calmar_ratio": 22.90734171258242,
    "total_trades": 28,
    "win_rate_%": 75.0,
    "profit_factor": 107.02417105051407
  },
  "out_of_sample": {
    "total_return_%": 562.322200147339,
    "max_drawdown_%": 2.4976939803714377,
    "sharpe_ratio": 0.717292595869029,
    "sortino_ratio": 4.409607707010568,
    "calmar_ratio": 24.776081702345035,
    "total_trades": 13,
    "win_rate_%": 69.23076923076923,
    "profit_factor": 48.50671258335555
  }
}