{
  "in_sample": {
    "total_return_%": 7666.05804707539,
    "max_drawdown_%": 0.3569289777514387,
    "sharpe_ratio": 0.3186414052094775,
    "sortino_ratio": 238.25542118109098,
    "calmar_ratio": 1383.8625238154827,
    "total_trades": 25,
    "win_rate_%": 80.0,
    "profit_factor": 171.7325873322262
  },
  "out_of_sample": {
    "total_return_%": 565.3886100671025,
    "max_drawdown_%": 2.4659247902498564,
    "sharpe_ratio": 0.7188933945520847,
    "sortino_ratio": Infinity,
    "calmar_ratio": 25.856329240661868,
    "total_trades": 12,
    "win_rate_%": 91.66666666666666,
    "profit_factor": 122.53695772722955
  }
}