{
  "in_sample": {
    "total_return_%": 7395.359018847073,
    "max_drawdown_%": 22.452782962809977,
    "sharpe_ratio": 0.3140685417014001,
    "sortino_ratio": 4.484432605234799,
    "calmar_ratio": 26.821152505090552,
    "total_trades": 27,
    "win_rate_%": 74.07407407407408,
    "profit_factor": 148.71062455981607
  },
  "out_of_sample": {
    "total_return_%": 555.9884133778214,
    "max_drawdown_%": 2.497316606173157,
    "sharpe_ratio": 0.7157456072778537,
    "sortino_ratio": 3.74043676406484,
    "calmar_ratio": 24.748868256625837,
    "total_trades": 12,
    "win_rate_%": 75.0,
    "profit_factor": 66.38429320928641
  }
}