{
  "in_sample": {
    "total_return_%": 8086.52658038087,
    "max_drawdown_%": 0.24809085010285828,
    "sharpe_ratio": 0.3122961839186151,
    "sortino_ratio": 984.9684898071179,
    "calmar_ratio": 2109.8462687491797,
    "total_trades": 25,
    "win_rate_%": 80.0,
    "profit_factor": 232.63834543359715
  },
  "out_of_sample": {
    "total_return_%": 500.2244785771742,
    "max_drawdown_%": 3.863790018377166,
    "sharpe_ratio": 0.7401789510905464,
    "sortino_ratio": 2.1658766532138523,
    "calmar_ratio": 14.377632440333365,
    "total_trades": 14,
    "win_rate_%": 71.42857142857143,
    "profit_factor": 28.146349788319622
  }
}