{
  "in_sample": {
    "total_return_%": 6365.584164790839,
    "max_drawdown_%": 28.157694442837645,
    "sharpe_ratio": 0.3138381018472768,
    "sortino_ratio": 3.242111561654725,
    "calmar_ratio": 18.477550282880344,
    "total_trades": 27,
    "win_rate_%": 74.07407407407408,
    "profit_factor": 99.41336108864787
  },
  "out_of_sample": {
    "total_return_%": 564.9021854889381,
    "max_drawdown_%": 1.5096544274481578,
    "sharpe_ratio": 0.7215838404895016,
    "sortino_ratio": 7.8369358265256786,
    "calmar_ratio": 40.849083416057915,
    "total_trades": 12,
    "win_rate_%": 75.0,
    "profit_factor": 87.99153594505671
  }
}