{
  "in_sample": {
    "total_return_%": 8086.52658038087,
    "max_drawdown_%": 0.24809085010285828,
    "sharpe_ratio": 0.312474725024971,
    "sortino_ratio": 986.0950263947736,
    "calmar_ratio": 2112.2593601735975,
    "total_trades": 25,
    "win_rate_%": 80.0,
    "profit_factor": 232.63834543359715
  },
  "out_of_sample": {
    "total_return_%": 500.2244785771742,
    "max_drawdown_%": 3.863790018377166,
    "sharpe_ratio": 0.7405082700492179,
    "sortino_ratio": 2.1678018769055982,
    "calmar_ratio": 14.390412558058108,
    "total_trades": 14,
    "win_rate_%": 71.42857142857143,
    "profit_factor": 28.146349788319622
  }
}