{
  "in_sample": {
    "total_return_%": 8091.779474883318,
    "max_drawdown_%": 0.24809085010285828,
    "sharpe_ratio": 0.3127766535705862,
    "sortino_ratio": 987.5163220437407,
    "calmar_ratio": 2116.3183475927344,
    "total_trades": 25,
    "win_rate_%": 80.0,
    "profit_factor": 232.78872148182447
  },
  "out_of_sample": {
    "total_return_%": 498.17541986361357,
    "max_drawdown_%": 3.863790018377166,
    "sharpe_ratio": 0.7373025853054516,
    "sortino_ratio": 2.1916857120933946,
    "calmar_ratio": 14.45113388651363,
    "total_trades": 14,
    "win_rate_%": 71.42857142857143,
    "profit_factor": 27.499868799118747
  }
}