{
  "in_sample": {
    "total_return_%": 7456.10804310854,
    "max_drawdown_%": 15.88924583408887,
    "sharpe_ratio": 0.314649250834768,
    "sortino_ratio": 5.853874343544121,
    "calmar_ratio": 34.967283835263544,
    "total_trades": 28,
    "win_rate_%": 75.0,
    "profit_factor": 172.37768304875505
  },
  "out_of_sample": {
    "total_return_%": 555.9884133778214,
    "max_drawdown_%": 2.497316606173157,
    "sharpe_ratio": 0.7157456072778537,
    "sortino_ratio": 3.74043676406484,
    "calmar_ratio": 24.748868256625837,
    "total_trades": 12,
    "win_rate_%": 75.0,
    "profit_factor": 66.38429320928641
  }
}