{
  "in_sample": {
    "total_return_%": 7460.190881892646,
    "max_drawdown_%": 6.1882087034786855,
    "sharpe_ratio": 0.316003041983933,
    "sortino_ratio": 12.840343563075347,
    "calmar_ratio": 82.26910099073932,
    "total_trades": 26,
    "win_rate_%": 76.92307692307693,
    "profit_factor": 255.7074373905466
  },
  "out_of_sample": {
    "total_return_%": 569.5638455332414,
    "max_drawdown_%": 2.8016045787651023,
    "sharpe_ratio": 0.7113842961482744,
    "sortino_ratio": 5.011771326911257,
    "calmar_ratio": 22.6336594808685,
    "total_trades": 13,
    "win_rate_%": 84.61538461538461,
    "profit_factor": 112.42620595166312
  }
}