{
  "in_sample": {
    "total_return_%": 7918.809168893717,
    "max_drawdown_%": 1.3305221864045238,
    "sharpe_ratio": 0.31793388418778246,
    "sortino_ratio": 47.32075485052041,
    "calmar_ratio": 284.45621135369555,
    "total_trades": 29,
    "win_rate_%": 79.3103448275862,
    "profit_factor": 217.8468815075648
  },
  "out_of_sample": {
    "total_return_%": 518.5421669752975,
    "max_drawdown_%": 4.434128720355177,
    "sharpe_ratio": 0.7078344198248407,
    "sortino_ratio": 2.6812526254697855,
    "calmar_ratio": 13.35456545324013,
    "total_trades": 15,
    "win_rate_%": 66.66666666666666,
    "profit_factor": 20.44898677255216
  }
}