{
  "in_sample": {
    "total_return_%": 7267.479508240278,
    "max_drawdown_%": 20.333844404945676,
    "sharpe_ratio": 0.3149700170409271,
    "sortino_ratio": 4.423694900737013,
    "calmar_ratio": 26.447544783607334,
    "total_trades": 28,
    "win_rate_%": 75.0,
    "profit_factor": 152.76538961112666
  },
  "out_of_sample": {
    "total_return_%": 554.3665849540782,
    "max_drawdown_%": 2.517295204800032,
    "sharpe_ratio": 0.7125811711579505,
    "sortino_ratio": 3.7169469893162064,
    "calmar_ratio": 24.60851908196209,
    "total_trades": 12,
    "win_rate_%": 75.0,
    "profit_factor": 66.1943857852557
  }
}