{
  "in_sample": {
    "total_return_%": 7555.495268909883,
    "max_drawdown_%": 9.757656888977525,
    "sharpe_ratio": 0.31558490693844016,
    "sortino_ratio": 10.530056174396162,
    "calmar_ratio": 54.48642166566286,
    "total_trades": 28,
    "win_rate_%": 75.0,
    "profit_factor": 232.37390903760382
  },
  "out_of_sample": {
    "total_return_%": 571.6751481952074,
    "max_drawdown_%": 2.771981048579958,
    "sharpe_ratio": 0.7156969747933822,
    "sortino_ratio": 5.042627214836103,
    "calmar_ratio": 22.77664219330864,
    "total_trades": 13,
    "win_rate_%": 84.61538461538461,
    "profit_factor": 112.83737217105127
  }
}