{
  "in_sample": {
    "total_return_%": 6577.160135093072,
    "max_drawdown_%": 0.3690843958041093,
    "sharpe_ratio": 0.3206139899815317,
    "sortino_ratio": 186.6109045431345,
    "calmar_ratio": 808.2439393124415,
    "total_trades": 30,
    "win_rate_%": 76.66666666666667,
    "profit_factor": 188.01310808640906
  },
  "out_of_sample": {
    "total_return_%": 544.7594570626899,
    "max_drawdown_%": 2.903906484465072,
    "sharpe_ratio": 0.7106363254815876,
    "sortino_ratio": 5.841750938575156,
    "calmar_ratio": 20.957883934832147,
    "total_trades": 14,
    "win_rate_%": 64.28571428571429,
    "profit_factor": 21.256951009388448
  }
}