{
  "in_sample": {
    "total_return_%": 7351.221865345266,
    "max_drawdown_%": 0.373572125123562,
    "sharpe_ratio": 0.3172905039902635,
    "sortino_ratio": 209.33138423743742,
    "calmar_ratio": 1261.0168492302405,
    "total_trades": 25,
    "win_rate_%": 80.0,
    "profit_factor": 184.87212797898448
  },
  "out_of_sample": {
    "total_return_%": 566.9501213353323,
    "max_drawdown_%": 2.7621218530443246,
    "sharpe_ratio": 0.7118175056359639,
    "sortino_ratio": 2.6180773489686993,
    "calmar_ratio": 23.005338168047974,
    "total_trades": 13,
    "win_rate_%": 84.61538461538461,
    "profit_factor": 113.62809596404519
  }
}