{
  "in_sample": {
    "total_return_%": 1110.682976220886,
    "max_drawdown_%": 0.7105013162192975,
    "sharpe_ratio": 0.8576121093035853,
    "sortino_ratio": 7.41303992743175,
    "calmar_ratio": 41.050684926781294,
    "total_trades": 26,
    "win_rate_%": 88.46153846153845,
    "profit_factor": 76.59301765273895
  },
  "out_of_sample": {
    "total_return_%": 328.2690253659786,
    "max_drawdown_%": 7.434441965885477,
    "sharpe_ratio": 1.1159092606991456,
    "sortino_ratio": Infinity,
    "calmar_ratio": 5.2024533703470075,
    "total_trades": 13,
    "win_rate_%": 92.3076923076923,
    "profit_factor": 28.077510246030187
  }
}