{
  "in_sample_metrics": {
    "total_return_%": 82.28402226252449,
    "max_drawdown_%": 6.999270868422528,
    "sharpe_ratio": 2.2000745086452707,
    "sortino_ratio": 2.81229430138918,
    "calmar_ratio": 3.8481108938911386,
    "total_trades": 9,
    "win_rate_%": 77.77777777777779,
    "profit_factor": 33.49048365901419
  },
  "in_sample_return": 82.28402226252449,
  "out_of_sample_metrics": {
    "total_return_%": 14.478148314211236,
    "max_drawdown_%": 4.7922863830276645,
    "sharpe_ratio": 1.5645111068561226,
    "sortino_ratio": 1.2242452876195273,
    "calmar_ratio": 2.952498711901405,
    "total_trades": 4,
    "win_rate_%": 60.0,
    "profit_factor": 5.908833225199447
  },
  "out_of_sample_return": 14.478148314211236
}