{
  "in_sample_metrics": {
    "total_return_%": 82.28402226252449,
    "max_drawdown_%": 6.999270868422528,
    "sharpe_ratio": 2.2020135684351945,
    "sortino_ratio": 2.8171682949791097,
    "calmar_ratio": 3.8547800635512615,
    "total_trades": 9,
    "win_rate_%": 77.77777777777779,
    "profit_factor": 33.49048365901419
  },
  "in_sample_return": 82.28402226252449,
  "out_of_sample_metrics": {
    "total_return_%": 15.472565847173648,
    "max_drawdown_%": 5.618131194735643,
    "sharpe_ratio": 1.6992816696841788,
    "sortino_ratio": 1.3213305246184726,
    "calmar_ratio": 2.682760910864311,
    "total_trades": 5,
    "win_rate_%": 80.0,
    "profit_factor": 5.7728048376933545
  },
  "out_of_sample_return": 15.472565847173648
}