{
  "in_sample_metrics": {
    "total_return_%": 76.49039997302293,
    "max_drawdown_%": 9.865023580615908,
    "sharpe_ratio": 2.114327955844999,
    "sortino_ratio": 2.6695065656514245,
    "calmar_ratio": 2.5897959619365225,
    "total_trades": 9,
    "win_rate_%": 77.77777777777779,
    "profit_factor": 31.744984245070484
  },
  "in_sample_return": 76.49039997302293,
  "out_of_sample_metrics": {
    "total_return_%": 15.440439908078085,
    "max_drawdown_%": 4.79228638302767,
    "sharpe_ratio": 1.8303452577135553,
    "sortino_ratio": 1.2670136486330812,
    "calmar_ratio": 3.1270224618618223,
    "total_trades": 3,
    "win_rate_%": 66.66666666666666,
    "profit_factor": 7.3360316973560185
  },
  "out_of_sample_return": 15.440439908078085
}