{
  "in_sample_metrics": {
    "total_return_%": 263932.13130393386,
    "max_drawdown_%": 31.04479540179072,
    "sharpe_ratio": 2.131765152400669,
    "sortino_ratio": 2.5508980802553696,
    "calmar_ratio": 2.791506517223723,
    "total_trades": 26,
    "win_rate_%": 88.46153846153845,
    "profit_factor": 76.53566206153958
  },
  "in_sample_return": 263932.13130393386,
  "out_of_sample_metrics": {
    "total_return_%": 1171.6484873564968,
    "max_drawdown_%": 21.753820172166797,
    "sharpe_ratio": 2.0732548826189134,
    "sortino_ratio": 2.8422233980661487,
    "calmar_ratio": 2.9353745266979243,
    "total_trades": 14,
    "win_rate_%": 85.71428571428571,
    "profit_factor": 16.43616437287957
  },
  "out_of_sample_return": 1171.6484873564968
}